<?xml version="1.0" encoding="UTF-8"?>
<Configuration status="WARN">
	<Properties>
		<Property name="filename">log.log</Property>
	</Properties>

	<Appenders>
		
		<File name="File" append="false" fileName="${filename}">
			<PatternLayout>
				<pattern>%m%n</pattern>
			</PatternLayout>
		</File>
		
	</Appenders>

	<Loggers>
		<Logger name="drew.corenlp.SimpleExample" level="trace"
			additivity="false">
			<AppenderRef ref="File" />
		</Logger>
		<Root level="trace">
			<AppenderRef ref="File" />
		</Root>
	</Loggers>
</Configuration>